,article,qid,total_pageviews,description,category
0,1977_NestlÃ©_boycott,Q1498774,27259,boycott,Low-importance
1,2007_tuberculosis_scare,Q4609852,550,international health scare,Low-importance
2,2011_United_States_listeriosis_outbreak,Q4622783,871,disease outbreak in the United States,Low-importance
3,2014_California_Proposition_46,Q119129906,153,,Low-importance
4,24_Hour_Fitness,Q4631849,1122,US fitness center chain,Low-importance
5,996_working_hour_system,Q62568684,187186,"overtime work schedule in Mainland China, 9AM-9PM, 6 days per week",High-importance
6,A_Letter_to_Liberals,Q119154027,104385,2022 book by Robert F. Kennedy Jr.,Low-importance
7,Abdominal_exercise,Q3543774,190,exercise strengthening the abdominal muscles,Unknown-importance
8,Acadia_Healthcare,Q28407181,5202,multinational behavioral healthcare provider,Low-importance
9,Activity_tracker,Q16001686,146,device or application for monitoring/tracking fitness-related metrics,Low-importance
10,Acute_alcohol_poisoning,Q205972,3590,negative effect(s) induced by the ingestion of ethanol (alcohol),Mid-importance
11,Adrianne_Ho,Q42301576,1799,actress,Unknown-importance
12,AdvoCare,Q4686868,98,American health and wellness company,Low-importance
13,Aerobic_exercise,Q1152037,57567,physical exercise of low to high intensity that depends primarily on the aerobic energy-generating process,Mid-importance
14,Aerobics,Q215641,20936,form of physical exercise that combines rhythmic aerobic exercise with stretching and strength training routines,Unknown-importance
15,AerolÃ­neas_Argentinas_Flight_386,Q4688296,2327,Cholera outbreak,Low-importance
16,Aetna,Q26049,120214,American managed health care company,Low-importance
17,Affordable_Care_Act,Q1414593,678110,U.S. federal statute also known as Obamacare,Mid-importance
18,Age_and_health_concerns_about_Donald_Trump,Q129155144,170069,American political controversy,High-importance
19,Age_and_health_concerns_about_Joe_Biden,Q123080564,84601,American political controversy,Low-importance
20,Ageing,Q332154,88738,biological processes in a human body coupled to increasing age,High-importance
21,Agriculture_in_India,Q3351245,3829,history of agriculture in India,Mid-importance
22,Air_pollutants,Q131123,738,presence of dangerous substances in the atmosphere,High-importance
23,Air_pollution,Q131123,177584,presence of dangerous substances in the atmosphere,High-importance
24,Alan_Smith_(physiotherapist),Q4707786,689,physiotherapist (20th century),Low-importance
25,Alcohol_(chemistry),Q156,68048,any organic compound in which the hydroxyl functional group (–OH) is bound to a saturated carbon atom,Mid-importance
26,Alcohol_intoxication,Q205972,246059,negative effect(s) induced by the ingestion of ethanol (alcohol),Mid-importance
27,Alcoholic_beverage,Q154,304104,"drink containing alcohols, typically ethanol",Mid-importance
28,Alex_Azar,Q4716651,69385,American politician,Low-importance
29,Alison_Beam,Q124692782,936,American lawyer and lobbyist,Low-importance
30,Allied_health_professions,Q349843,24242,classification of health professions,Low-importance
31,Ally_Love_(fitness_instructor),Q96742379,41692,US fitness and lifestyle coach,Low-importance
32,Ally_Love_(sports_host),Q96742379,13534,US fitness and lifestyle coach,Low-importance
33,American_Health_Care_Act_of_2017,Q28908528,38162,legislative bill dealing with the repeal and replacement of the Affordable Care Act,Low-importance
34,American_health_care_system,Q1358017,230,health care system in the United States of America,Mid-importance
35,American_health_insurance,Q5691099,3597,overview about the health insurance in the United States,High-importance
36,American_health_insurance_system,Q5691099,5857,overview about the health insurance in the United States,High-importance
37,American_healthcare_system,Q1358017,808,health care system in the United States of America,Mid-importance
38,An_apple_a_day_keeps_the_doctor_away,Q482536,1651,English proverb,Low-importance
39,Anaerobic_exercise,Q483866,39932,physical exercise intense enough to cause lactate formation,High-importance
40,Anal_hygiene,Q484807,29740,hygienic practice that a person performs on the anal area of themselves after defecation,Low-importance
41,Anaphrodisiac,Q486061,28656,substance that quells or blunts the libido,Low-importance
42,Andrea_Baccarelli,Q41470166,413,Italian American epigeneticist and clinical endocrinologist,Low-importance
43,Andrew_Marks,Q26709623,391,American cardiologist and molecular biologist,Unknown-importance
44,Animal-assisted_therapy,Q606591,94,alternative therapy that involves animals as a form of treatment,Low-importance
45,Anna_Kaiser,Q36750100,1135,American fitness professional,Low-importance
46,AnnÃ­e_Mist_ÃÃ³risdÃ³ttir,Q16154216,3853,Icelandic CrossFit athlete,Low-importance
47,Anosmia_Awareness_Day,Q25304277,101,Day to spread awareness about individuals who lose sense of smell,Unknown-importance
48,Anthropometry,Q6656244,15256,human physiometrics,Low-importance
49,Antiseptic,Q274493,36236,"antimicrobial substance used to destroy germs causing disease, on skin or other tissue of a living being",Mid-importance
50,Anytime_Fitness,Q4778364,7476,"health club retail chain in the United States and elsewhere, owned by Self Esteem Brands",Low-importance
51,Apollo_Hospitals,Q4780321,331,chain of Indian private hospitals,Mid-importance
52,Aquafresh,Q17006249,111,Wikimedia list article,Mid-importance
53,Aquaphor,Q4782724,8919,brand of skin care ointments,Low-importance
54,Arm_&_Hammer,Q4792455,95786,brand of baking soda products by Church & Dwight,Low-importance
55,Army_Combat_Fitness_Test,Q67935434,290,Physical fitness test for the United States Army,Unknown-importance
56,Artistic_gymnastics_in_the_United_States,Q19872602,968,,Low-importance
57,Asana,Q466797,109146,postures in hatha yoga and modern yoga practice,Mid-importance
58,Ascension_(healthcare_system),Q96372437,51959,faith-based healthcare organization and subsidiary of Ascension,Low-importance
59,Athletic_training,Q4813769,129,healthcare profession,Unknown-importance
60,Average_human_height_by_country,Q16128414,1345672,Wikimedia list article,Low-importance
61,Aversion_to_happiness,Q18209757,343,People wanting to deliberately avoid positive emotions and / or happiness,Low-importance
62,Awareness_ribbon,Q153524,492,symbols meant to show support or raise consciousness for a cause,Mid-importance
63,Ayushman_Bharat_Yojana,Q55604588,352,health programme in India,Mid-importance
64,Aziz_Shavershian,Q2618609,188893,Russian-born Australian bodybuilder and Internet celebrity and peruvian,Mid-importance
65,B._K._S._Iyengar,Q557185,19998,Indian yoga teacher and scholar (1918–2014),Mid-importance
66,BP-5_Compact_Food,Q796874,235,compact dry emergency ration made with wheat flour,Low-importance
67,Baby2Baby,Q65068378,457,American nonprofit organization,Low-importance
68,Bain_de_Soleil,Q4848521,2839,discontinued brand of sunscreen,Mid-importance
69,Bally_Manufacturing,Q4851974,7444,former American corporation,Low-importance
70,Bally_Total_Fitness,Q4851976,5446,American fitness club chain originally part of Bally Manufacturing,Low-importance
71,Banana_equivalent_dose,Q2630196,102262,informal measurement of ionizing radiation exposure; approximately 0.1 microsievert,Low-importance
72,Barbara_Bush_(born_1981),Q153730,731333,American health care activist; daughter of George W. Bush (born 1981),Low-importance
73,Barbell,Q1043897,3890,exercise equipment used in weight training,Mid-importance
74,Barefoot,Q808132,10444,common term for the state of not wearing any footwear,Low-importance
75,Barre_(exercise),Q30314274,68694,form of physical exercise,Unknown-importance
76,Bath_&_Body_Works,Q810773,48930,"American retailer under the L Brands (formerly Limited Brands) umbrella, along with Victoria's Secret",Unknown-importance
77,Bath_salts,Q798972,500,"water-soluble, usually inorganic, solid products designed to be added to water during bathing",Low-importance
78,Bausch_&_Lomb,Q811857,29107,American company,Low-importance
79,Baylor_Scott_&_White_Health,Q41568258,333,"healthcare organization in Dallas, United States",Low-importance
80,Beiersdorf,Q201691,317,German personal care company,Low-importance
81,Bench_press,Q14093,45684,exercise of the upper body,Low-importance
82,Benefits_of_physical_activity,Q97358163,364,,Low-importance
83,Best_practice,Q830382,6457,method or technique that has been generally accepted as superior to alternatives either because it produces results that are better or because it has become a standard way of doing things,Mid-importance
84,Better_Access_Scheme,Q65075797,176,mental healthcare scheme run by the Australian government,Low-importance
85,Bicep_curl,Q3073715,106,bicep exercise,Low-importance
86,Bidet,Q371213,288176,plumbing fixture or type of sink intended for washing the genitalia and anus of the human body,Unknown-importance
87,Billy_Blanks,Q863030,109541,American fitness guru,Low-importance
88,Billy_Blanks_Jr.,Q107987204,16281,American fitness personality,Low-importance
89,Binaca_(Indian_brand),Q4913816,98,toothpaste brand in India,Low-importance
90,Black_spot_disease_(fish),Q25221973,209,fish disease,Unknown-importance
91,Bliss_point_(food),Q25203169,252,term for amount of ingredients to optimize food taste,Mid-importance
92,Bloating,Q4927059,23778,"abnormal general swelling, or increase in diameter of the abdominal area",Mid-importance
93,Blue_Cross_Blue_Shield,Q4929017,3315,federation of 36 separate United States health insurance organizations and companies,Low-importance
94,Blue_Cross_Blue_Shield_Association,Q4929017,210760,federation of 36 separate United States health insurance organizations and companies,Low-importance
95,Blue_Zone,Q3299670,87700,Disputed scientific concept of regions of the world where people are claimed to live longer than average,Mid-importance
96,Blue_Zones,Q3299670,4364,Disputed scientific concept of regions of the world where people are claimed to live longer than average,Mid-importance
97,Blue_zone,Q3299670,352556,Disputed scientific concept of regions of the world where people are claimed to live longer than average,Mid-importance
98,Body_massager,Q179415,330,"mechanical manipulation of skin, connective tissue and muscles through stretching, train and pressure stimulus",Low-importance
99,Body_roundness_index,Q131191528,2836,body scale based on waist circumference and height,Low-importance
100,Body_shaming,Q63522120,2119,discrimination based on appearance,Low-importance
101,Body_shape,Q1072278,6507,general shape of a person defined by the molding of skeletal structures and the distribution of muscles and fat,Mid-importance
102,Bodyweight_exercise,Q450743,91,strength-training exercise to provide resistance against gravity,Mid-importance
103,Bowflex,Q4950971,1515,Type of excercise equipment,Low-importance
104,"Brad_Johnson_(actor,_born_1959)",Q896805,114456,American actor (1959–2022),Low-importance
105,Brendan_Carr_(physician),Q107524430,766,US medical doctor and professor,Low-importance
106,Brett_Giroir,Q4962188,6164,American pediatrician and Assistant Secretary for Health,Low-importance
107,Bulletproof_Coffee,Q19559986,244,"Entrepreneur, businessman, biohacker and author",Low-importance
108,Burnout_(psychology),Q327988,273,"type of work-related stress, with symptoms characterized by feelings of energy depletion or exhaustion; increased mental distance from one’s job, or feelings of negativism or cynicism related to one's job; and reduced professional efficacy",High-importance
109,Burpee_(exercise),Q3270872,83174,"full body exercise based on squat thrusts, providing cardio and strength training",Low-importance
110,CPR,Q185325,33239,emergency procedure to maintain the blood flow to vital organs and to restore normal heart function after sudden cardiac arrest also restarting the heart,Mid-importance
111,CVS_Health,Q624375,242622,company,Low-importance
112,Calf_raises,Q580077,151,training exercise,Unknown-importance
113,Calico_(company),Q14932155,10625,American biotech company founded by Alphabet Inc.,Low-importance
114,California_Smog_Check_Program,Q5020967,78555,vehicle emission inspection program in the U.S. state of California,Low-importance
115,Calisthenics,Q2471790,443561,"form of exercise consisting of a variety of exercises, often rhythmical",Unknown-importance
116,Cancer_Act_1939,Q5031396,554,Act of Parliament of the United Kingdom,Low-importance
117,Carbon_monoxide_detector,Q3045295,1638,electronic detector that measures carbon monoxide (CO),Mid-importance
118,Cardiopulmonary_resuscitation,Q185325,149174,emergency procedure to maintain the blood flow to vital organs and to restore normal heart function after sudden cardiac arrest also restarting the heart,Mid-importance
119,Caregiver,Q553079,18653,person helping another with activities of daily living,Low-importance
120,Carissa_Etienne,Q15138398,1428,Caribbean physician,Mid-importance
121,Castile_soap,Q3302590,38361,olive oil-based soap,Low-importance
122,Cdc,Q583725,2636,United States government public health agency,High-importance
123,Centene_Corporation,Q5059102,84699,American multinational healthcare company,Low-importance
124,Center_for_Disease_Control,Q583725,2609,United States government public health agency,High-importance
125,Centers_for_Disease_Control,Q583725,2716,United States government public health agency,High-importance
126,Centers_for_Disease_Control_and_Prevention,Q583725,467941,United States government public health agency,High-importance
127,Central_Bathhouse_Vienna,Q190203,1094,Residential building with traditional bathing house (now a gay sauna) in Vienna,Unknown-importance
128,Chain-smoker,Q1435005,288,practice of smoking several cigarettes/cigars in succession,Low-importance
129,Chain_smoker,Q1435005,1123,practice of smoking several cigarettes/cigars in succession,Low-importance
130,Chain_smoking,Q1435005,56710,practice of smoking several cigarettes/cigars in succession,Low-importance
131,Charles_A._Elcan,Q22073601,209,American business executive,Low-importance
132,Charles_Atlas,Q368744,51392,American bodybuilder (1892–1972),Low-importance
133,Chester_Yorton,Q984095,116,bodybuilder (1940–2020),Low-importance
134,Childhood_dementia,Q130781538,600,group of neurodegenerative conditions,Low-importance
135,Childhood_obesity,Q3241451,22981,condition where excess body fat negatively affects a child's health or well-being,Mid-importance
136,Children's_Healthcare_of_Atlanta,Q23074176,558,"hospital in Georgia, United States",Mid-importance
137,Chinese_laundry,Q852100,1720,process of washing textiles,Low-importance
138,Christian_diet_programs,Q4903085,1308,eating practice intended to promote health in Christian culture,Low-importance
139,Cigarette,Q1578,421516,small roll of cut drug (typically tobacco) designed to be smoked,Mid-importance
140,Cigarette_filter,Q2361201,147142,cigarette component,Unknown-importance
141,Cigarette_smoking,Q7212330,1171,practice of burning tobacco and inhaling the resulting smoke,High-importance
142,Circuit_training,Q205821,183,training to develop endurance and strength simultaneously,Low-importance
143,Cistern,Q838858,250493,"artificial reservoirs for the storage of water, typically water-tight tanks in a high part of a building or underground",Mid-importance
144,ClassPass,Q19864979,429,American fitness startup company based in New York City,Low-importance
145,Clean_eating,Q25459466,3096,consumption of foods that are considered healthy for the body,Low-importance
146,Cleanliness,Q692096,130,abstract state of being clean and free from dirt,Low-importance
147,Cleavage_(breasts),Q2087952,135799,full or partial exposure of the separation between a woman's breasts by clothing,Low-importance
148,Cleverman,Q113159137,180,Australian Aboriginal spiritual healers,Low-importance
149,Clinical_coder,Q116494,5441,health care professional whose main duties are to analyse clinical statements and assign standard codes using a classification system,Low-importance
150,Clinical_depression,Q42844,760444,"all-encompassing low mood accompanied by low self-esteem, and by loss of interest or pleasure in normally enjoyable activities",High-importance
151,Coach_(sport),Q41583,142,"person involved in directing, instructing and training sportspeople",High-importance
152,Cognitive_load,Q1107019,6831,"effort being used in the working memory, which can be differentiated into three types: intrinsic, extraneous, and germane",Unknown-importance
153,Cognitive_shuffle,Q123561006,985,"Cognitive strategy meant to facilitate initial sleep onset, or subsequent sleep onset after the initial sleep",Low-importance
154,Colgate_(toothpaste),Q2523492,4738,brand of toothpaste,Low-importance
155,Comb,Q23834,496,"toothed device used for styling, cleaning and managing hair and scalp",Low-importance
156,Commodity_Supplemental_Food_Program,Q28402615,292,United States food assistance program,Low-importance
157,CommonSpirit_Health,Q85753582,24508,hospital network in the United States,Unknown-importance
158,Community_health,Q3473024,1623,field of public health focusing on the health of communities,Unknown-importance
159,Connecticut_Death_Index,Q5161508,936,public health data,Low-importance
160,Consent,Q231043,10924,expression granting permission to proceed with a proposal,Mid-importance
161,Cookie_diet,Q5167095,110,fad diet,Low-importance
162,Corizon,Q5172791,483,privately held prison healthcare contractor,Mid-importance
163,Craniocervical_instability,Q85754469,3954,Medical condition affecting the cervical spine,Unknown-importance
164,Crash_diet,Q4310180,156,diet with very or extremely low daily food energy consumption,Mid-importance
165,Crest_(toothpaste),Q3002499,206,brand of oral hygiene products made by Procter & Gamble,Low-importance
166,CrossFit,Q2072840,128857,branded fitness regimen,Low-importance
167,CrossFit_Games,Q17522146,47027,Athletic competition organized by Crossfit Inc.,Mid-importance
168,Cruciferous_vegetables,Q5189799,396425,vegetables of the family Brassicaceae,Low-importance
169,Crunch_(exercise),Q811154,2959,abdominal excercise,Mid-importance
170,Crunch_Fitness,Q5190093,5551,Canadian multinational fitness center chain,Low-importance
171,Curves_International,Q5196080,111,US international fitness center chain,Low-importance
172,Cycling,Q53121,9888,"riding a bicycle (transportation, sport, exercise, recreation...)",Unknown-importance
173,Cynthia_Kereluk,Q5200093,6569,Canadian exercise guru,Unknown-importance
174,DASH_diet,Q5204325,38310,dietary pattern intended to prevent and control hypertension,Mid-importance
175,Dabur,Q2723075,132,Indian manufacturer,Mid-importance
176,Dad_bod,Q25108667,28088,type of male physique,Low-importance
177,Dan_Wikler,Q5214593,3144,American philosopher,Low-importance
178,Dance_Dance_Revolution,Q908392,72884,video game series,Low-importance
179,Dandruff,Q117484,108897,skin condition mainly affecting the scalp causing flaking and itchiness,Mid-importance
180,Daniel_Fast,Q17001964,77512,10- or 21-day abstinence from foods declared unclean by God in the Laws of Moses,Unknown-importance
181,Darlie,Q701133,1174,brand of toothpaste,Low-importance
182,Dave_Asprey,Q19559986,80612,"Entrepreneur, businessman, biohacker and author",Low-importance
183,David_L._Katz,Q15429303,243,American physician,Low-importance
184,David_Laid,Q130416875,4223,American fitness influencer (born 1990s),Unknown-importance
185,David_McLean_(actor),Q3018429,5829,American film and television actor (1922-1995),Low-importance
186,Deadlift,Q608288,132783,exercise and power sport,Unknown-importance
187,Dean_Ornish,Q1181109,9952,American physician and photographer (1953- ),Low-importance
188,Deathcare,Q109297311,188,"planning, provision, and improvement of post-death services",Low-importance
189,Deconditioning,Q5249582,109,adaptation of an organism to less demanding environment or the decrease of physiological adaptation to normal conditions,Mid-importance
190,Decriminalization_of_sex_work,Q17001582,90,removal of criminal penalties for sex work,Low-importance
191,Delisting_(Canadian_medicare),Q6806631,176,"Canada's publicly funded, single-payer health care system",High-importance
192,Denise_Austin,Q5257615,120100,"American fitness instructor, author, and columnist",Unknown-importance
193,Dental_floss,Q143978,11645,cord of thin filaments used to clean teeth,High-importance
194,Department_of_Health_(Philippines),Q3545669,98,Philippine government agency,Unknown-importance
195,Department_of_Veterans_Affairs,Q592576,3434,department of the United States government,Low-importance
196,Depression_(mood),Q4340209,360444,state of low mood and aversion to activity,Mid-importance
197,Depression_Quest,Q18149194,8121,2013 video game,Low-importance
198,Dettol,Q15061688,8037,brand of antiseptic and cleaning supplies,Low-importance
199,Dip_(exercise),Q43417,119,type of bodyweight exercise,Unknown-importance
200,Disabilities,Q12131,524,"impairments, activity and participation limitations of a person",Unknown-importance
201,Disability,Q12131,117983,"impairments, activity and participation limitations of a person",Unknown-importance
202,Disability-adjusted_life_year,Q55627,2110,"health indicator combining severity and duration of disease and loss of life. Can be measured as numbers of healthy years lost in a population, or as rate divided by person-time lived.",Mid-importance
203,Disability_in_Iran,Q56361705,144,,Unknown-importance
204,Disease,Q12136,382494,abnormal condition negatively affecting organisms,High-importance
205,Disinfectant,Q73984,5671,antimicrobial agent that is applied to non-living objects (compare: antisepsis) to reduce the number of microorganisms (unwanted germs and parasites) on them (compare:sterilization),Low-importance
206,Disposable_vapes,Q189511,703,device usually used to quit or be an alternative to tobacco,Low-importance
207,DoTerra,Q18149972,21459,American multi-level marketing company,Low-importance
208,Dopamine_fasting,Q85757440,24865,temporary abstinence from addictive technologies,Unknown-importance
209,Doramad_Radioactive_Toothpaste,Q1243726,2686,radioactive toothpaste produced on Germany,Low-importance
210,Double_Dutch_(jump_rope),Q960858,7687,game of skill,Low-importance
211,Doug_Brignole,Q116206795,3153,American bodybuilder and fitness coach,Unknown-importance
212,Dove_(Unilever_brand),Q962709,2362,personal care brand owned by Unilever,Low-importance
213,Dove_(toiletries),Q962709,17338,personal care brand owned by Unilever,Low-importance
214,Downward_Dog_Pose,Q2435158,8469,asana,Mid-importance
215,Doximity,Q5303699,376,"company in San Mateo, United States",Low-importance
216,Dr._Dot,Q112570227,159,American massage therapist,Low-importance
217,Draft:Ramon_Dino,Q109859288,2166,professional Brazilian Bodybuilder,Unknown-importance
218,Drinking_in_public,Q1543841,2291,social customs and laws concerning drinking alcohol in public,Low-importance
219,Druid,Q131081,639728,priest of Celtic religion,Mid-importance
220,Drunkorexia,Q4167713,163,term for a food and drink disorder,Low-importance
221,Duckwalk,Q1263550,2303,walking while partially squatting,Low-importance
222,Dukan_Diet,Q24386,1095,diet plan,Low-importance
223,Dumbbell,Q465453,2189,piece of equipment used in weight training,Mid-importance
224,Eating_mucus,Q5331299,1666,Act of ingesting mucus,Low-importance
225,Eddie_Hall,Q5336657,486035,British strongman,Low-importance
226,Edgewell_Personal_Care,Q5337641,257,American consumer products company,Low-importance
227,Effects_of_climate_change_on_human_health,Q2979220,1707,how climate change effects human health,Mid-importance
228,Effects_of_nicotine_on_human_brain_development,Q85758687,434,effects of electronic cigarettes on the developing human brain,Low-importance
229,Effects_of_the_car_on_societies,Q2215004,560,positive and negative impacts of cars on society,Low-importance
230,Elastic_therapeutic_tape,Q917517,2960,pseudo-medicine product; elastic cotton strip with an acrylic adhesive,Low-importance
231,Elazer_Edelman,Q22073799,18973,"American engineer, scientist and cardiologist",Unknown-importance
232,Elazer_R._Edelman,Q22073799,445,"American engineer, scientist and cardiologist",Unknown-importance
233,Electrical_muscle_stimulation,Q653580,5628,elicitation of muscle contraction using electric impulses,Mid-importance
234,Electronic_bidet,Q17010251,219,toilet and bidet combination,Unknown-importance
235,Electronic_cigarette,Q189511,298342,device usually used to quit or be an alternative to tobacco,Low-importance
236,Elizabeth_Anionwu,Q5362304,1028,"British nurse, professor and activist",Low-importance
237,Emi_Wong,Q119938304,5947,Hong Kong YouTuber,Low-importance
238,Emotional_support_animal,Q5373799,16027,companion animal that a medical professional has determined provides benefit for an individual with a disability,Low-importance
239,Endurance,Q778298,14049,ability of an organism to exert itself and remain active for a long period of time,Low-importance
240,Enteric_fever,Q125820254,3771,bacterial disease caused by the bacteria Salmonellosis,Low-importance
241,Enteritis,Q854353,1523654,intestinal inflammatory disease,Mid-importance
242,Envision_Healthcare,Q28155562,1044,American healthcare company,Low-importance
243,Epidemiology_of_obesity,Q5382727,371,recognization of obesity as an epidemic,Low-importance
244,Equinox_Group,Q5384535,28991,American luxury fitness company which operates five separate fitness brands,Low-importance
245,Erin_Elizabeth,Q107691497,2102,American alternative health advocate and conspiracy theorist,Low-importance
246,Executive_Order_13765,Q28540350,236,executive order signed by U.S. President Donald Trump,Low-importance
247,Exercise,Q219067,252914,bodily activity that enhances or maintains physical fitness and overall health and wellness,High-importance
248,Exercise-induced_anaphylaxis,Q25399683,225,severe allergic reaction due to physical activity,Unknown-importance
249,Exercise_physiology,Q472094,7502,study devoted to understanding the acute and chronic responses to physical activity,High-importance
250,Exhausted,Q9690,1090,medical symptom usually of physical and/or mental weakness that does not resolve with rest or sleep,Mid-importance
251,Exposure_(Bilott_book),Q100699629,2457,2019 memoir by Robert Bilott,Low-importance
252,Face_the_wall_squat,Q1755746,1663,workout that targets the legs,High-importance
253,Failure_to_thrive,Q1497481,28894,condition of children whose current weight or rate of weight gain is much lower than expected,Low-importance
254,False_advertising,Q1371586,38281,misleading content in advertisements,Low-importance
255,Fast_of_Nineveh,Q5437046,4074,three-day fast in Syriac Christianity,Low-importance
256,Fasting,Q44602,187692,"willing abstinence from some, or reduced consumption of, food, drink or both, for a period of time",Low-importance
257,Fat-shaming,Q7074872,134,weight prejudice,Unknown-importance
258,Fat_acceptance_movement,Q2822683,19825,social movement seeking to change anti-fat bias in social attitudes,Unknown-importance
259,Fat_fetishism,Q22905841,79981,type of paraphilia,Mid-importance
260,Fat_tax,Q1326227,1200,surcharge on fattening foods or drinks,Low-importance
261,Father_Yod,Q5437668,19967,American restaurateur and spiritual leader,Low-importance
262,Fatigability,Q9690,369,medical symptom usually of physical and/or mental weakness that does not resolve with rest or sleep,Mid-importance
263,Fatigue,Q9690,99211,medical symptom usually of physical and/or mental weakness that does not resolve with rest or sleep,Mid-importance
264,"Feed_a_cold,_starve_a_fever",Q116873421,9983,Old adage about curing illness,Low-importance
265,Ferber_method,Q3333536,44743,disputed technique used to solve infant sleeping problems,Low-importance
266,Finnish_sauna,Q1598293,10317,traditional Finnish way of bathing,High-importance
267,Fitness_trail,Q443006,319,path with outdoor body exercise obstacles for promoting good health,Low-importance
268,Flexible_spending_account,Q5458993,1767,"one of a number of tax-advantaged financial accounts, resulting in payroll tax savings",Low-importance
269,Flo_(app),Q60761955,801,menstruation and menopause tracking app,Low-importance
270,Fly_(exercise),Q255513,254,strength training exercise,Unknown-importance
271,Food_Safety_and_Standards_Authority_of_India,Q5465383,314,government body in India,Mid-importance
272,Food_allergy,Q769815,4496,"hypersensitivity reaction type I disease that is an abnormal response to a food, triggered by the body's immune system",High-importance
273,Footspeed,Q5466593,2463,maximum speed that a human can run,Unknown-importance
274,Forced_sterilization_in_Peru,Q97170499,2702,1990s ethnic cleansing of native peoples,Low-importance
275,Forest_bathing,Q48818118,1617,Broad group of unscientific techniques or treatments for health,Low-importance
276,Form_1095,Q25083451,8279,United States tax form,Low-importance
277,Forrest_Preston,Q21066960,912,American Businessman,Low-importance
278,FreeLife,Q5499653,183,American multi-level marketing company,Low-importance
279,French_paradox,Q920134,1372,catchphrase for the apparent paradox that French people have a low incidence of heart disease while consuming many saturated fats,Low-importance
280,Fresh'n,Q5502913,685,1970s toilet paper substitute,Unknown-importance
281,Furious_Pete,Q13399911,1516,"Canadian bodybuilder, competitive eater and YouTuber",Low-importance
282,GMO_food_labelling,Q2575667,370,controversies over GMO food,Low-importance
283,Gait_belt,Q5517369,172,device put on a patient who has mobility issues,Low-importance
284,Gary_Taubes,Q3098624,1585,American science writer,Low-importance
285,Gaza_Health_Ministry,Q724644,4797,government ministry of the State of Palestine,Low-importance
286,Gender-affirming_care,Q28130218,12539,prevention of disease and promotion of wellbeing for transgender individuals,Mid-importance
287,Genetically_modified_food_controversies,Q2575667,1888,controversies over GMO food,Low-importance
288,Geoffrey_Woo,Q123575836,13088,American business person,Low-importance
289,Give_up_smoking,Q2462253,302,process of discontinuing tobacco smoking,Low-importance
290,Glasgow_effect,Q5566976,3912,"low life expectancy and poor health of residents of Scotland, and Glasgow in particular, compared to the rest of Europe",Unknown-importance
291,Gleem,Q5567491,133,brand of oral hygiene products,Low-importance
292,Global_Accessibility_Awareness_Day,Q30325118,2428,"The purpose of GAAD is to get everyone talking, thinking and learning about digital (web, software, mobile, etc.) access/inclusion and people with different disabilities.",Low-importance
293,Global_health,Q2725393,474,collaborative trans-national research and action for promoting health for all,High-importance
294,Global_health_emergency,Q17076801,13706,"an extraordinary event which is determined to constitute a public health risk to other States through the international spread of disease and to potentially require a coordinated international response, as declared by WHO",Low-importance
295,Glycemic_load,Q1929014,278,estimate of how much a quantity of food will raise a person's blood glucose level,Mid-importance
296,Goggle,Q72797,321,forms of protective eyewear,Low-importance
297,Goggles,Q72797,91,forms of protective eyewear,Low-importance
298,Gold's_Gym,Q1536234,47783,US international fitness center chain,Low-importance
299,Google_Fit,Q18150347,117,health platform,Low-importance
300,Google_Health,Q1296464,649,"division of Google, dealing with personal health information",Unknown-importance
301,Great_American_Smokeout,Q5598647,91,Day to encourage smoking cessation,Low-importance
302,Greg_Plitt,Q5606144,94526,American fitness model and actor (1977–2015),Mid-importance
303,Gregg_Gonsalves,Q5606534,495,"American epidemiologist, health activist and MacArthur Fellow",Low-importance
304,Grippers,Q1435859,8464,used to test and increase the strength of the hands,Low-importance
305,Ground-glass_opacity,Q3150728,32740,"for some diseases or changes in the lungs, examination shows uniform-looking, lighter areas in the lungs",Unknown-importance
306,Grunya_Sukhareva,Q514110,93,Ukrainian-Russian psychiatrist and university teacher (1891-1981),Low-importance
307,Grupo_Omnilife,Q5612243,742,Mexican multi-level marketing company,Low-importance
308,Gym,Q14092,7983,building designed and equipped for athletics and fitness,Low-importance
309,Gyroscopic_exercise_tool,Q261030,151,trademark,Low-importance
310,Hair_care,Q3633540,303,hygiene and cosmetology involving human hair,Low-importance
311,Hairbrush,Q1642980,315,stick brush with rigid or soft bristles used in hair care,Low-importance
312,Halasana,Q12459994,232,inverted posture in hatha yoga,Mid-importance
313,Hammer_toe,Q602477,58225,"deformity of the proximal joint of the second, third or fourth toe",Unknown-importance
314,Handkerchief,Q192411,22445,piece of cloth for personal use,Low-importance
315,Hans_Rosling,Q588259,2232,"Swedish medical doctor, academic, statistician and public speaker",Unknown-importance
316,Harley_Pasternak,Q5658834,17498,Canadian personal trainer,Unknown-importance
317,Harm_reduction,Q1458711,22072,range of public health policies designed to lessen the negative social and/or physical consequences associated with various human behaviors,Unknown-importance
318,Harry_and_Louise,Q5673634,243,1993–94 American political ad campaign,Low-importance
319,Haven_Healthcare,Q65080847,758,American healthcare company,Low-importance
320,Healing,Q1581290,2235,process of the restoration of health,Mid-importance
321,Health,Q12147,270503,desirable level of functional or metabolic efficiency of a living being,High-importance
322,HealthCorps,Q16983661,1318,organization,Low-importance
323,Health_Authorities_Act_1995,Q16251481,277,publicly funded system of healthcare in England,High-importance
324,Health_Ministry_of_the_Gaza_Strip,Q724644,698,government ministry of the State of Palestine,Low-importance
325,Health_among_the_Amish,Q21070799,5801,Health disorders within Amish communities,Low-importance
326,Health_and_appearance_of_Michael_Jackson,Q2578140,594038,health of a celebrity,High-importance
327,Health_care,Q31207,291808,prevention of disease and promotion of wellbeing of humans and animals,High-importance
328,Health_care_in_Canada,Q3535133,294,overview of healthcare,Mid-importance
329,Health_care_in_France,Q2745492,284,overview of the health care system in France,Low-importance
330,Health_care_in_the_United_States,Q1358017,6509,health care system in the United States of America,Mid-importance
331,Health_care_prices_in_the_United_States,Q5690885,143,market and non-market factors that determine pricing,Mid-importance
332,Health_care_system_in_Japan,Q2511133,1284,overview of the health care system in Japan,Mid-importance
333,Health_department,Q1312371,287,governmental agency,Unknown-importance
334,Health_disparities,Q1512929,660,impartiality in the quality of health and healthcare,Low-importance
335,Health_education,Q60894,290,education for awareness of and influence on the attitude of health,Unknown-importance
336,Health_effects_arising_from_the_September_11_attacks,Q2059842,60084,health effects 9/11 has caused,Low-importance
337,Health_effects_of_tobacco,Q465016,24133,"circumstances, mechanisms, and factors of tobacco consumption on human health",High-importance
338,Health_equity,Q1512929,314,impartiality in the quality of health and healthcare,Low-importance
339,Health_in_China,Q3473043,186,overview of health in China,Mid-importance
340,Health_in_India,Q13156121,90,wellbeing of people in India,High-importance
341,Health_in_Vanuatu,Q60521481,126,,Low-importance
342,Health_in_the_State_of_Palestine,Q22948909,133,health issues in Palestine,Low-importance
343,Health_informatics,Q870895,25200,"discipline at the intersection of information science, computer science, and health care",High-importance
344,Health_information_on_Wikipedia,Q16235120,362,Wikipedia's content on health and medicine topics,High-importance
345,Health_insurance,Q334911,44561,insurance that covers the whole or a part of the risk of a person incurring medical and healthcare expenses,High-importance
346,Health_insurance_coverage_in_the_United_States,Q5691094,860,,High-importance
347,Health_insurance_in_the_United_States,Q5691099,27248,overview about the health insurance in the United States,High-importance
348,Health_literacy,Q3097973,477,"degree to which individuals have the capacity to obtain, process, and understand basic health information and services needed to make appropriate health decisions",Low-importance
349,Health_policy,Q1519812,441,"policy area, which deals with the planning, organization, management and financing of the health system",Unknown-importance
350,Health_professional,Q11974939,12718,individual who provides medical treatments and health advice,Mid-importance
351,Health_savings_account,Q5691144,18594,American tax-advantaged medical savings account,Low-importance
352,Health_technology,Q1519843,645,"application of organized knowledge and skills in the form of devices, medicines, vaccines, procedures and systems developed to solve a health problem",High-importance
353,Healthcare_in_Canada,Q3535133,7800,overview of healthcare,Mid-importance
354,Healthcare_in_England,Q16152524,97,overview of the health care system in England,Low-importance
355,Healthcare_in_Germany,Q245984,1477,overview of healthcare in Germany,Mid-importance
356,Healthcare_in_India,Q21901381,1182,three tier health care system,High-importance
357,Healthcare_in_Luxembourg,Q25040520,113,,Low-importance
358,Healthcare_in_Singapore,Q5691309,136,Healthcare in Singapore,Mid-importance
359,Healthcare_in_South_Korea,Q60521539,1638,overview of the healthcare in South Korea,High-importance
360,Healthcare_in_Switzerland,Q357702,1123,overview of the health care system in Switzerland,Low-importance
361,Healthcare_in_the_United_Kingdom,Q2764529,424,overview of the health care system in the United Kingdom,High-importance
362,Healthcare_in_the_United_States,Q1358017,108947,health care system in the United States of America,Mid-importance
363,Healthcare_industry,Q15067276,5341,industry dedicated to providing health care services and products,Unknown-importance
364,Healthcare_reform_in_the_United_States,Q1156735,499,overview of healthcare reforms in the United States,Mid-importance
365,Healthline,Q16983671,14580,American health information company,Unknown-importance
366,Healthy_diet,Q5906358,55801,diet that helps maintain or improve general health,High-importance
367,Heated_tobacco_product,Q28657989,1012,electric device heating cigarettes,Unknown-importance
368,Herbal_cigarette,Q490680,24160,cigarette composed of a mixture of various herbs which does not contain any tobacco,Unknown-importance
369,Herbalife,Q572948,143582,American based multi-level marketing company,Low-importance
370,High-deductible_health_plan,Q5754479,486,health insurance plan with lower premiums and higher deductibles than a traditional health plan,Unknown-importance
371,High-intensity_interval_training,Q2756206,84549,exercise strategy alternating periods of short intense exercise with less-intense recovery periods,Low-importance
372,Hiker,Q12014035,339,"walking as a hobby, sport, or leisure activity",Mid-importance
373,Hiking,Q12014035,47801,"walking as a hobby, sport, or leisure activity",Mid-importance
374,Himalaya_Wellness_Company,Q7739717,197,Indian multinational company,Low-importance
375,Hims_&_Hers_Health,Q64363662,111468,American telehealth company,Low-importance
376,History_of_Lance_Armstrong_doping_allegations,Q6483313,5608,Cycling doping allegations,Low-importance
377,History_of_physical_training_and_fitness,Q104870187,738,history of physical training,Mid-importance
378,Home_care,Q1642542,91,"health care or supportive care provided by a professional caregiver, medical and paramedical personnel in the individual home where the patient or client is living",Unknown-importance
379,Human_body_weight,Q620876,141231,person's mass or weight,Low-importance
380,Human_height,Q476112,94035,"distance from the bottom of the feet to the top of the head in a human body, standing erect",Mid-importance
381,Human_kinetics,Q657632,450,"study of anatomy, physiology, and mechanics of body movement, especially in humans",High-importance
382,Human_medicine,Q11190,955,"field of study for diagnosing, treating and preventing disease",High-importance
383,Humana,Q910866,61962,American managed health care company,High-importance
384,Hygiene,Q162297,46710,set of practices performed for the preservation of health,Low-importance
385,Hyperextension_(exercise),Q928057,225,physical exercise,Unknown-importance
386,Hyperpalatable_food,Q123051125,119,food that triggers the brain's reward system,Mid-importance
387,ISKCON,Q190193,69744,religious organisation,High-importance
388,Impact_of_the_COVID-19_pandemic_on_prisons,Q89864650,141,impact of the ongoing viral pandemic on prisons,Mid-importance
389,Indian_club,Q2804113,5486,type of exercise equipment,Low-importance
390,Individual_shared_responsibility_provision,Q24525996,317,health insurance mandate imposed on individuals by the Affordable Care Act in the United States,Unknown-importance
391,Indoor_tanning,Q646347,735,tanning using an artificial source of ultraviolet light,Unknown-importance
392,Industrial_and_organizational_psychology,Q2045692,36668,branch of psychology,High-importance
393,Intermittent_fasting,Q1666254,264347,a diet that cycles between a period of fasting and non-fasting,Low-importance
394,International_Day_of_Yoga,Q18621241,23654,"21 June, official international day celebrating yoga",Mid-importance
395,International_Society_for_Krishna_Consciousness,Q190193,489995,religious organisation,High-importance
396,Ipana,Q6064878,714,toothpaste product by Bristol-Myers,Low-importance
397,Isometric_exercise,Q1216236,40993,Static contraction exercise,Unknown-importance
398,Jack_LaLanne,Q1677099,524110,American exercise instructor (1914–2011),Mid-importance
399,Jackson_Sanatorium,Q111903953,298,mineral spa,Low-importance
400,Jane_Bunford,Q3806992,1320,tallest recognised British person (1895-1922),Low-importance
401,Jane_Fonda's_Workout,Q104855274,1154,1982 exercise video series by Jane Fonda & Leni Cazden (re-released in 2014),Mid-importance
402,Japanese_work_environment,Q6159180,1637,"work culture in Japan characterized by simultaneous recruiting of new graduates (shinsotsu-Ikkatsu saiyō), lifetime-employment (shūshin koyō), long work-hours and strong devotion to one's company",High-importance
403,Jay_Loeffler,Q33124729,523,American physician,Unknown-importance
404,Jess_King,Q96369273,5284,fitness instructor,Unknown-importance
405,Jessie_InchauspÃ©,Q113088786,60733,French biochemist and author,Low-importance
406,Joanie_Greggains,Q6205700,144,American fitness instructor,Unknown-importance
407,Joe_Gold,Q5143667,454,founder of Gold's Gym and World Gym,Low-importance
408,Jogging,Q816261,565,form of trotting or running at a slow or leisurely pace,High-importance
409,John_Basedow,Q6220997,2617,TV Health and Fitness Personality,Low-importance
410,John_Brownstein,Q26704483,178,Canadian epidemiologist,Unknown-importance
411,Johnson_&_Johnson,Q333718,493477,"U.S multinational medical devices, pharmaceutical and consumer packaged goods manufacturer",Mid-importance
412,Juice_Plus,Q17060987,587,dietary supplement,Low-importance
413,Julia_Cheek,Q123481212,799,,Low-importance
414,Jumping_jack,Q9284972,1488,physical jumping exercise,Mid-importance
415,Karoshi,Q1051107,79049,sudden death from overwork,High-importance
416,KatrÃ­n_DavÃ­Ã°sdÃ³ttir,Q21621138,71009,Icelandic CrossFit athlete,Low-importance
417,Katy_M._O'Brian,Q104112057,349300,"American actress, writer and martial artist",Unknown-importance
418,Katy_O'Brian,Q104112057,908551,"American actress, writer and martial artist",Unknown-importance
419,Kawa_model,Q119348715,1832,conceptual model in occupational therapy,Low-importance
420,Kenneth_Brumley,Q4095786,827,One of the Worlds heaviest people,Low-importance
421,Ketchup_as_a_vegetable,Q1739859,4956,American political controversy,Unknown-importance
422,Kettlebell,Q376762,3586,"piece of equipment used in weight training, consisting of a handle and a belly of the bell",Unknown-importance
423,Kevin_Hines,Q60735041,96062,"Suicide attempt survivor, jumped from the Golden Gate Bridge, advocating against suicide",Low-importance
424,Kevin_Trudeau,Q6397659,99069,"philanthropist, entrepreneur, and mass communications expert",Low-importance
425,KidsCare,Q1141363,540,United States social health care program for families and individuals with limited resources,Mid-importance
426,Kinesiologist,Q657632,7030,"study of anatomy, physiology, and mechanics of body movement, especially in humans",High-importance
427,Kinesiology,Q657632,471944,"study of anatomy, physiology, and mechanics of body movement, especially in humans",High-importance
428,Kurmasana,Q796473,123,seated forward bending posture in hatha yoga,Mid-importance
429,LA_Fitness,Q6457180,48019,health club chain in the United States and Canada,Low-importance
430,LRC_International,Q1675535,226,British company,Low-importance
431,Lactate_threshold,Q3480702,208,oxygen consumption level above which aerobic energy production is supplemented by anaerobic mechanisms during exercise,High-importance
432,Laundry,Q852100,31798,process of washing textiles,Low-importance
433,Laxative,Q217972,69145,"agents that produce a soft formed stool, and relax and loosen the bowels, typically used over a protracted period, to relieve constipation",Mid-importance
434,"Lead_contamination_in_Washington,_D.C.,_drinking_water",Q6508405,287,water contamination incident in the United States,Low-importance
435,Leg_extension,Q2588216,94,resistance weight training exercise,Unknown-importance
436,Legal_drinking_age,Q2915195,351536,minimum age for legal alcohol consumption,Low-importance
437,Legal_smoking_age,Q7546043,33247,minimum age to purchase or use tobacco products,Mid-importance
438,Let's_Move!,Q6532507,953,public health campaign in the United States,Low-importance
439,Lethargy,Q15637420,3334,"state of tiredness, weariness, fatigue, or lack of energy",Low-importance
440,Life_Time_Fitness,Q6545004,50506,chain of fitness centers operating in the United States and Canada,Low-importance
441,Lifestyle_disease,Q12600757,289,"non-communicable diseases linked with the way people live their life, commonly caused by lack of physical activity, unhealthy eating, alcohol, drugs and smoking",Mid-importance
442,Light_pollution,Q180644,52935,"anthropogenic light in the night environment, caused by excess or misdirected lighting",Low-importance
443,Lip_balm,Q1518347,14900,wax-like substance for moisturizing and relieving chapped or dry lips,Low-importance
444,List_of_asanas,Q2240937,18366,Wikimedia list article,Mid-importance
445,List_of_awareness_ribbons,Q2585434,91484,Wikimedia list article,Low-importance
446,List_of_barefooters,Q128693423,127,Wikimedia list article,Unknown-importance
447,List_of_countries_by_infant_and_under-five_mortality_rates,Q1373300,3514,Wikimedia list article,Low-importance
448,List_of_deaths_due_to_COVID-19,Q88027839,90061,Wikimedia list article,High-importance
449,List_of_fatal_dog_attacks,Q96389388,795,list of fatal dog attacks worldwide,Unknown-importance
450,List_of_foodborne_illness_outbreaks_in_the_United_States,Q6620586,876,Wikimedia list article,Low-importance
451,List_of_health_deities,Q51845850,56420,Wikimedia list article,Low-importance
452,List_of_smoking_bans,Q1850609,1277,Wikimedia list article,Low-importance
453,List_of_sovereign_states_by_body_mass_index,Q25214343,19372,Wikimedia list article,High-importance
454,List_of_swimming_styles,Q1154385,1093,swimming style,Low-importance
455,List_of_toothpaste_brands,Q17006249,11720,Wikimedia list article,Mid-importance
456,List_of_weight_training_exercises,Q4350159,5639,Wikimedia list article,Low-importance
457,Low-emission_zone,Q647266,131,defined area,High-importance
458,Lucille_Roberts,Q14948759,121,American businessman,Low-importance
459,Lunge_(exercise),Q2302075,1074,type of exercise,Unknown-importance
460,Lviv_State_University_of_Physical_Culture,Q4271075,175,"public university in Lviv, Ukraine",Low-importance
461,Lying-in,Q17005954,92,old childbirth practice,Low-importance
462,MIND_diet,Q22906945,6297,Diet intended to delay neurodegeneration,Low-importance
463,Maeve_Kennedy_McKean,Q75326815,165241,"American public health official, human rights attorney and academic ( 1979-2020)",Low-importance
464,Major_depressive_disorder,Q42844,43185,"all-encompassing low mood accompanied by low self-esteem, and by loss of interest or pleasure in normally enjoyable activities",High-importance
465,Mall_walking,Q6744008,224,form of exercise in which people walk or jog through the usually long corridors of shopping malls,Unknown-importance
466,Managed_care,Q1416012,26908,type of health insurance system,Mid-importance
467,Management_of_obesity,Q6746705,119,body fat reduction,Low-importance
468,Manicure,Q747493,13430,cosmetic beauty treatment for the fingernails and hands,Low-importance
469,Manicurist,Q11325221,762,nail technician or manicurist,Low-importance
470,Mannatech,Q3372572,115,American multi-level marketing company,Low-importance
471,Manscaped,Q109236238,4631,male grooming product company and brand,Low-importance
472,Mansel_Aylward,Q20962004,146,British health scientist,Low-importance
473,Maria_Kang,Q21285289,381,"American fitness advocate, coach, blogger and founder of the No Excuse Mom movement",Mid-importance
474,Mark_Mastrov,Q22006688,253,American businessman (born 1958),Low-importance
475,Mark_Rippetoe,Q6769444,512,American strength coach,Unknown-importance
476,Mark_Sisson,Q2687894,2054,American endurance athlete,Low-importance
477,Mary_Carson_Breckinridge,Q3850444,208,American nurse (1881–1965),Unknown-importance
478,Maslow's_hierarchy_of_needs,Q179515,1219581,"theory in developmental psychology proposed by Abraham Maslow, comprising a five-tier model of human needs: physiological, safety, love and belonging, esteem, and self-actualization",Unknown-importance
479,Massage,Q179415,182144,"mechanical manipulation of skin, connective tissue and muscles through stretching, train and pressure stimulus",Low-importance
480,Massage_Envy,Q10327170,351,massage shop chain,Low-importance
481,Mat_Fraser_(athlete),Q21621317,26133,Canadian-American professional CrossFit athlete,Unknown-importance
482,Matthew_Kenney,Q16195623,8733,American chef,Low-importance
483,McKesson_Corporation,Q570473,113642,U.S. healthcare supplies,Mid-importance
484,Meatless,Q83364,948,practice of abstaining from the consumption of meat,Mid-importance
485,Medicaid,Q1141363,194105,United States social health care program for families and individuals with limited resources,Mid-importance
486,Medicaid_coverage_gap,Q24526016,108,In U.S. public healthcare policy,Unknown-importance
487,Medical_drama,Q1786567,7385,television drama program where events center around a medical environment,Low-importance
488,Medical_malpractice,Q2565355,33547,legal cause of action when health professionals deviate from standards of practice harming a patient,Low-importance
489,Medicare.gov,Q559392,35257,US federal health insurance,Mid-importance
490,Medicare_(Canada),Q6806631,463,"Canada's publicly funded, single-payer health care system",High-importance
491,Medicare_(United_States),Q559392,262716,US federal health insurance,Mid-importance
492,Medicine,Q11190,335089,"field of study for diagnosing, treating and preventing disease",High-importance
493,Medicine_ball,Q1304461,727,piece of exercise equipment,Low-importance
494,Men's_health,Q4141483,540,"physical, mental, and social well-being, as experienced by boys and men",Low-importance
495,Menstrual_Hygiene_Day,Q22205294,402,annual awareness day to highlight the importance of good menstrual hygiene management,Low-importance
496,Mental_breakdown,Q12135,128305,distressing thought or behavior pattern,High-importance
497,Mental_disorder,Q12135,511180,distressing thought or behavior pattern,High-importance
498,Mental_health,Q317309,249151,level of psychological well-being,High-importance
499,Mental_health_during_the_COVID-19_pandemic,Q89058901,267,"impact of the pandemic on the mental health, including stress, anxiety and worry for many individuals around the world, arising both from the disease itself and from response measures such as social distancing",Low-importance
500,Menthol_cigarette,Q6817560,14941,cigarette with mint taste,Low-importance
501,Meswak,Q6822185,800,toothpaste brand of Dabur,Low-importance
502,Michael_Greger,Q6830782,56390,"American physician, author, and health activist",Low-importance
503,Microlife,Q6839618,1127,unit of risk representing half an hour change of life expectancy,Low-importance
504,Microplastics_effects_on_human_health,Q124750856,337,how plastic particles affect human health,Low-importance
505,Middle_age,Q1202615,128419,period of age beyond young adulthood but before the onset of old age,Mid-importance
506,Mike_Katz,Q1369606,910,American bodybuilder,Low-importance
507,Mills_Darden,Q4155045,397,Alleged largest man in history,Low-importance
508,Minister_of_health,Q3273722,317,minister in charge of health matters,Low-importance
509,"Ministry_of_Health,_Palestine",Q724644,5885,government ministry of the State of Palestine,Low-importance
510,Ministry_of_Health_(Israel),Q2079801,137,Israeli ministry of health,Low-importance
511,Ministry_of_Health_(Palestine),Q724644,1340,government ministry of the State of Palestine,Low-importance
512,Minority_stress,Q17103967,180,type of stress faced by members of stigmatized minority groups,Low-importance
513,Mobility_impairment,Q1179623,1041,"limitation on a person's physical functioning, mobility, dexterity or stamina",Low-importance
514,MonaVie,Q2597545,750,American multi-level marketing company,Low-importance
515,Mona_Vie,Q2597545,254,American multi-level marketing company,Low-importance
516,Moose_test,Q1325532,607,evasive maneuver vehicle test,Low-importance
517,Morbid_obesity,Q12174,31283,medical condition in which individuals have an excess of body fat,High-importance
518,Mount_Sinai_Health_System,Q5165549,5469,US hospital network,Mid-importance
519,Movember,Q31489,65298,annual charity event,Low-importance
520,Murder_of_Yadira_Arroyo,Q121734344,6021,"2017 murder in the Bronx, New York, United States",Low-importance
521,Muscle_hypertrophy,Q1955391,43003,enlargement or overgrowth of a muscle organ,Mid-importance
522,MyFitnessPal,Q6944817,29172,free app and website that tracks diet and exercise,Low-importance
523,MyPyramid,Q6944857,110,nutrition guide,Low-importance
524,Myalgia,Q474959,90238,muscle pain,Mid-importance
525,NHS,Q918396,452,publicly-funded healthcare systems in the United Kingdom,High-importance
526,NHSScotland,Q16933548,144,Publicly-funded healthcare system in Scotland,High-importance
527,NHS_(England),Q16251481,361,publicly funded system of healthcare in England,High-importance
528,NHS_Choices,Q16251481,357,publicly funded system of healthcare in England,High-importance
529,NHS_Scotland,Q16933548,316,Publicly-funded healthcare system in Scotland,High-importance
530,NIOSH_air_filtration_rating,Q23582148,134,rating system for respirators designed to protect against contaminated air particles,Low-importance
531,Nail_clipper,Q270380,901,tool for trimming toe or finger nails,Low-importance
532,Naked_Mile_(event),Q119770589,1649,informal athletics event,Low-importance
533,Naked_swimming,Q2179394,591,swimming without clothing,Low-importance
534,Nap,Q5242962,1963,short period of sleep during typical waking hours,Mid-importance
535,National_Health_Service,Q918396,67446,publicly-funded healthcare systems in the United Kingdom,High-importance
536,National_Health_Service_(England),Q16251481,8719,publicly funded system of healthcare in England,High-importance
537,National_Institute_for_Occupational_Safety_and_Health,Q60346,1485,United States government research agency for preventing work-related health and safety problems,Mid-importance
538,National_health_insurance,Q1519138,403,system of health insurance that insures a national population against the costs of health care,Mid-importance
539,Native_American_disease_and_epidemics,Q6979955,54325,"diseases spread, mainly by European colonists, with harsh effects on Native Americans",Mid-importance
540,Nature's_Sunshine_Products,Q4045079,147,American multi-level marketing company,Low-importance
541,Neal_D._Barnard,Q6984087,1225,"American physician, author, and clinical researcher",Low-importance
542,Neurobiological_effects_of_physical_exercise,Q5347380,3446,"neural, cognitive, and behavioral effects of physical exercise",Mid-importance
543,Neutrogena,Q2451589,1782,Cosmetics company,Low-importance
544,Nicotine_withdrawal,Q3961638,17251,process of withdrawing from nicotine addiction,Unknown-importance
545,Nivea,Q337408,1460,German personal care brand that specializes in skin and body care,Low-importance
546,Noise-induced_hearing_loss,Q1475712,106,condition in which a person loses the ability to hear due to exposure to high intensity sound,Unknown-importance
547,Noise_pollution,Q92251,15493,"excessive, displeasing human, animal, or machine-created environmental noise",Unknown-importance
548,Nordic_walking,Q667692,3041,physical activity or sport involving cross-country walking with specially designed walking poles similar to ski poles,Unknown-importance
549,Nova_classification,Q56320892,7317,"food classification system based on the nature, extent, and purpose of industrial food processing",Mid-importance
550,Noxzema,Q7067326,986,Brand of skin cleanser marketed by Unilever,Low-importance
551,Nude_swimming,Q2179394,148498,swimming without clothing,Low-importance
552,Nutrilite,Q511601,273,"Nutrilite is a brand of mineral, vitamin, and dietary supplements developed in 1934 by Carl F. Rehnborg.",Low-importance
553,Obesity,Q12174,342975,medical condition in which individuals have an excess of body fat,High-importance
554,Obesity_and_the_environment,Q17072332,170,aims to look at the different environmental factors that have been determined by researchers to cause and perpetuate obesity,Unknown-importance
555,Obesity_and_walking,Q3138170,424,obesity and walking effects,Unknown-importance
556,Obesity_in_Australia,Q7074848,293,overview about obesity in Australia,Low-importance
557,Obesity_in_China,Q7074853,110,overview of obesity in China,Low-importance
558,Obesity_in_Germany,Q7074854,132,overview about obesity in Germany,Low-importance
559,Obesity_in_Nauru,Q7074860,40705,,Low-importance
560,Obesity_in_the_Pacific,Q7074868,4989,overview about obesity in the Pacific,Mid-importance
561,Occupational_burnout,Q327988,58354,"type of work-related stress, with symptoms characterized by feelings of energy depletion or exhaustion; increased mental distance from one’s job, or feelings of negativism or cynicism related to one's job; and reduced professional efficacy",High-importance
562,Occupational_health,Q629029,432,"area concerned with the safety, health and welfare of people at occupation",Low-importance
563,Occupational_safety_and_health,Q629029,30914,"area concerned with the safety, health and welfare of people at occupation",Low-importance
564,Occupational_stress,Q815298,405,"tensions related to workplace responsibilities or situations, and their negative health and psychological effects",Mid-importance
565,Occupational_therapy,Q380141,118951,therapy to increase skills related to work or independent living,Low-importance
566,One-repetition_maximum,Q59603,97,Maximum weight that can be lifted at once,Low-importance
567,One_weird_trick,Q22907464,448,form of clickbait advertising,Low-importance
568,One_weird_trick_advertisements,Q22907464,126,form of clickbait advertising,Low-importance
569,Open_defecation,Q17072861,43789,humans defecating outside (in the open environment) rather than into a toilet,Low-importance
570,Optum,Q30284383,159005,"company in Eden Prairie, United States",Low-importance
571,Oral_hygiene,Q13445028,4335,the practice of keeping one's oral cavity clean and free of disease and other problems (e.g. bad breath) by regular brushing of the teeth (dental hygiene) and adopting good hygiene habits,Mid-importance
572,Orangetheory_Fitness,Q25005163,31224,American boutique fitness studio franchise,Low-importance
573,Orienteering,Q29358,31912,group of sports that requires navigational skills,Mid-importance
574,Orthotics,Q59744853,71953,medical specialty that focuses on the design and application of orthoses,Mid-importance
575,Oura_Health,Q65241898,34899,Finnish technology company,Low-importance
576,Outdoor_recreation,Q968907,15449,recreation engaged out of doors,Low-importance
577,Overhead_press,Q3268839,3374,Upper body compound lift,Low-importance
578,Overtraining,Q334310,635,exercising to a load which exceeds recovery capacity,Low-importance
579,Overweight,Q332428,2228,having a body mass index of 25.0–29.9 kg/m2,High-importance
580,P90X,Q4875834,1153,Fitness and nutrition company,Low-importance
581,PHEIC,Q17076801,425,"an extraordinary event which is determined to constitute a public health risk to other States through the international spread of disease and to potentially require a coordinated international response, as declared by WHO",Low-importance
582,Palaniappan_Manickam,Q122958490,13899,Indian-American gastroenterologist,Low-importance
583,Paleo_diet,Q533945,782,fat diet based on the presumed diet of Paleolithic humans,Mid-importance
584,Paleolithic_diet,Q533945,169989,fat diet based on the presumed diet of Paleolithic humans,Mid-importance
585,Pallor,Q2336398,5394,pale skin,Low-importance
586,Palm_cooling,Q107360766,462,recovery intervention that involves cooling the palm of the hand,Low-importance
587,Passive_smoking,Q259516,4966,inhalation of smoke by persons other than the intended active smoker,High-importance
588,Patanjali_Ayurved,Q19856023,404,Indian consumer goods company,Low-importance
589,Patrick_Deuel,Q4162612,683,"American ""Half ton man"" (1962–2016)",Low-importance
590,Paul_Kimelman,Q7151780,1212,American biographer,Low-importance
591,Paul_M._Ellwood_Jr.,Q7152112,198,American physician (1926–2022),Low-importance
592,Paula_Ben-Gurion,Q2906875,2700,wife of Prime Minister of Israel,Unknown-importance
593,Pedestrian,Q221488,677,person who travels on foot,Unknown-importance
594,Pedicure,Q1161133,20485,cosmetic treatment of the feet and toenails,Low-importance
595,Pedometer,Q648434,2296,"device, usually portable and electronic or electromechanical, that counts each step a person takes by detecting the motion of the person's hands or hips",Mid-importance
596,Pefletti,Q11865261,418,small sheet on a sauna bench,Unknown-importance
597,Peloton_(exercise_equipment_company),Q56276186,1472,American exercise equipment and media company,Unknown-importance
598,Peloton_Interactive,Q56276186,65642,American exercise equipment and media company,Unknown-importance
599,Pepsodent,Q2709613,1493,American brand of toothpaste,Low-importance
600,Perineum_sunning,Q104834409,10942,wellness practice that involves exposing the perineum to sunlight,Low-importance
601,Personal_trainer,Q762121,471,individual who provides others with fitness training and instruction,Mid-importance
602,Philips_Norelco,Q3343650,157,American brand name for electric shavers and other personal care products made by the Consumer Lifestyle division of Philips,Low-importance
603,Photochemical_smog,Q169994,330,severe air pollution,Mid-importance
604,Physical_activity,Q747883,9954,human physical activity consisting of voluntary bodily movement by skeletal muscles,High-importance
605,Physical_culture,Q2997362,1127,health and strength training movement,Mid-importance
606,Physical_disability,Q1179623,199,"limitation on a person's physical functioning, mobility, dexterity or stamina",Low-importance
607,Physical_fitness,Q309252,65529,"state of health and well-being and, more specifically, the ability to perform aspects of sports, occupations and daily activities",High-importance
608,Physical_rehabilitation,Q186005,508,health profession that aims to address the illnesses or injuries that limit a person's abilities to function in everyday lives,High-importance
609,Physical_strength,Q1785966,91,measure of a life form's exertion of force on physical objects,Low-importance
610,Physical_therapy,Q186005,177923,health profession that aims to address the illnesses or injuries that limit a person's abilities to function in everyday lives,High-importance
611,Phytosterol,Q412457,96,class of steroids derived from plants,Low-importance
612,Plain_tobacco_packaging,Q1582778,1067,use of standard generic packaging for tobacco products,Mid-importance
613,Planet_Fitness,Q7201095,105314,US multinational fitness center chain,Low-importance
614,Plank_(exercise),Q3094383,18659,isometric strength exercise,Unknown-importance
615,Plyometrics,Q1425021,68790,Maximum intensity explosive exercises,High-importance
616,Pole_dance,Q218998,44537,form of performing art,Low-importance
617,Post_Holdings,Q27988145,28201,American consumer packaged goods holding company,Low-importance
618,Powder,Q2908004,203,"dry, bulk material composed of many fine solid particles",Mid-importance
619,Prancercise,Q16927760,154,viral video,Low-importance
620,Preferred_walking_speed,Q7239848,5282,locomotion speed of animals and humans,Low-importance
621,Presidential_Fitness_Test,Q107211048,90612,school physical fitness test in the United States,Unknown-importance
622,Prevalence_of_tobacco_use,Q7242345,2381,percentage of population smoking tobacco,Mid-importance
623,Preventive_healthcare,Q1773974,61880,"measures taken for disease prevention, with anticipatory actions that can be categorized as primal, primary, secondary, tertiary, and quaternary prevention",High-importance
624,Primary_health_care,Q623543,90,essential health care accessible to all individuals and families in a community,High-importance
625,Prior_authorization,Q17514788,3469,utilization management process used by some health insurance companies in the United States,Low-importance
626,Proactiv,Q6125565,284,American brand of skin-care products,Low-importance
627,Product_Red,Q624601,31842,company,Mid-importance
628,Professional_fitness_coach,Q8563456,1799,"professional in the field of fitness and exercise, most often instruction, including aerobics and yoga instructors and authors of fitness instruction books or manuals",Low-importance
629,Progressive_overload,Q7248855,5699,method of strength training,Unknown-importance
630,Project_SCUM,Q7249304,3493,tobacco industry marketing plan,Low-importance
631,Pronation_of_the_foot,Q7249910,70421,type of foot movement,Low-importance
632,Protandim,Q7251172,1190,American multi-level marketing company,Low-importance
633,Protein-sparing_modified_fast_(diet),Q15965728,558,type of diet,Low-importance
634,Protein_leverage_hypothesis,Q65071140,501,dietary theory centred around protein consumption,Unknown-importance
635,Protein_quality,Q25105257,1045,protein ranking for human nutrition,Mid-importance
636,Providence_Health_&_Services,Q7252430,32374,"American non-profit, Catholic health care system",Low-importance
637,Psychological_resilience,Q4105337,6184,"ability to cope with a life crisis, adapt in the face of stressors, or to adjust and return to pre-crisis status",Mid-importance
638,Psychological_stress,Q3500368,51173,"psychological feeling of strain and pressure, that could increase the risk of strokes, heart attacks, ulcers, and mental illnesses such as depression and aggravation of a pre-existing condition",Mid-importance
639,Psychoneuroimmunology,Q1500332,124,study of the interaction between psychological processes and the nervous and immune systems,Unknown-importance
640,Public_Health_Cigarette_Smoking_Act,Q7257397,4933,1970 U.S. federal law,Low-importance
641,Public_health,Q189603,74980,"science and art of preventing disease, prolonging life and promoting health through organized efforts and informed choices of society, organizations, public and private, communities and individuals",Mid-importance
642,Public_health_emergency_(United_States),Q7257745,121,declaration of a public health emergency in response to a (public) health crisis,High-importance
643,Public_health_emergency_of_international_concern,Q17076801,21383,"an extraordinary event which is determined to constitute a public health risk to other States through the international spread of disease and to potentially require a coordinated international response, as declared by WHO",Low-importance
644,Public_health_intervention,Q1814351,207,any effort or policy designed to improve public health,Unknown-importance
645,Public_intoxication,Q7887424,4405,the state of being drunk in the public sphere,Low-importance
646,Pull-down_(exercise),Q1995651,3392,"strength training exercise, usually at the front",Unknown-importance
647,Pull-up_(exercise),Q1048487,28522,upper-body compound pulling exercise,Low-importance
648,Punching_bag,Q966668,584,bag designed to be repeatedly punched,Unknown-importance
649,"Pure,_White_and_Deadly",Q39050654,372,1972 book by John Yudkin on the damages caused by the increase in sugar consumption,Low-importance
650,Push-up,Q320575,39084,calisthenics exercise,High-importance
651,Qnet,Q12912209,1052,Hong Kong-based multi-level marketing (MLM) company owned by the QI Group,Low-importance
652,Quantified_self,Q1337542,270,movement of people who track themselves with body-related data,Low-importance
653,RICE_(medicine),Q1115133,9842,medical acronym,Mid-importance
654,Race_and_health_in_the_United_States,Q7278942,14386,overview article,High-importance
655,Rachel_Levine,Q57297528,1106451,"American professor of pediatrics and psychiatry; United States Assistant Secretary for Health, 2021–2025",Low-importance
656,Radioactive_contamination,Q817114,12801,presence of radioactive substances where they are undesirable,Low-importance
657,Radox,Q7281681,194,brand of personal care products,Low-importance
658,Ramon_Dino,Q109859288,10452,professional Brazilian Bodybuilder,Unknown-importance
659,Razor,Q13422881,3175,bladed tool or device to remove body hair,Low-importance
660,Rebound_exercise,Q3931260,506,type of elastically leveraged low-impact exercise,Low-importance
661,Recess_(break),Q176274,768,general term for a period in which a group of people are temporarily dismissed from their duties,Mid-importance
662,Regulation_of_electronic_cigarettes,Q18206812,1263,overview about the regulation of electronic cigarettes,Low-importance
663,Relative_energy_deficiency_in_sport,Q755630,686,syndrome caused by chronic low energy availability in athletes,Mid-importance
664,Remington_Products,Q825258,1219,company,Low-importance
665,Resistance_band,Q2882175,698,elastic band used for strength training and physical therapy,Low-importance
666,Resort,Q875157,3132,self-contained commercial establishment which attempts to provide for most of a vacationer's wants,High-importance
667,Respirator,Q271779,2001,"device designed to protect the wearer from inhaling harmful dusts, fumes, vapors, or gases",High-importance
668,Responses_to_the_COVID-19_pandemic_in_April_2020,Q96401587,791,aspect of the coronavirus outbreak,Low-importance
669,Responses_to_the_COVID-19_pandemic_in_February_2020,Q94381343,649,aspect of the coronavirus outbreak,Low-importance
670,Responses_to_the_COVID-19_pandemic_in_July_2020,Q96731877,176,aspect of the coronavirus outbreak,Low-importance
671,Responses_to_the_COVID-19_pandemic_in_June_2020,Q96731773,327,aspect of the coronavirus outbreak,Low-importance
672,Responses_to_the_COVID-19_pandemic_in_March_2020,Q89487202,568,aspect of the coronavirus outbreak,Low-importance
673,Responses_to_the_COVID-19_pandemic_in_May_2020,Q94141388,248,aspect of the coronavirus outbreak,Low-importance
674,Responsible_Parenthood_and_Reproductive_Health_Act_of_2012,Q368874,95,Philippine law,Unknown-importance
675,Rich_Froning_Jr.,Q15069763,16512,American CrossFit athlete,Low-importance
676,Richard_Simmons,Q498019,2949687,American fitness instructor and video producer (1948–2024),Unknown-importance
677,Rishi_Shah,Q38034475,9822,American businessman,Low-importance
678,Rock_fever,Q108101510,4424,Effect on people who move to islands,Low-importance
679,Rosalie_Bradford,Q4097406,1117,Guiness World's heaviest woman (1943–2006),Low-importance
680,Russian_twist,Q7382294,296,exercise movement,Unknown-importance
681,Ruth_Zukerman,Q56274586,248,American businessperson,Low-importance
682,SSL_International,Q1675535,251,British company,Low-importance
683,Sack_tapping,Q7396812,195,slang for a specific violent game or prank,Low-importance
684,Sackler_family,Q61911512,1224161,American billionaire family,Low-importance
685,Safe_injection_site,Q1259963,1026,medical facility,Low-importance
686,Saponification,Q335024,48430,process that involves conversion of fat or oil into soap and alcohol by the action of heat in the presence of aqueous alkali,Mid-importance
687,Saun,Q57036,737,small room or building designed as a place to experience dry or wet heat sessions,Mid-importance
688,Sauna,Q57036,91960,small room or building designed as a place to experience dry or wet heat sessions,Mid-importance
689,Schick_(razors),Q2911846,1661,brand of personal care and safety razors,Low-importance
690,Screen_time,Q28130149,3010,"amount of time spent using a device such as a smartphone, computer, television, or video game console",Low-importance
691,Sedentary_lifestyle,Q1349358,35882,inactive lifestyle with health risks,Mid-importance
692,Self-care,Q4519653,2489,"necessary human regulatory function which is under individual control, deliberate and self-initiated",Mid-importance
693,Senate_HELP_Committee,Q2495438,597,Standing committee of the United States Senate,Low-importance
694,Sensodyne,Q2046939,301,an oral health brand targeted at people with sensitive teeth,Low-importance
695,Sensory_room,Q7451139,408,"special room designed to stimulate a person's senses for therapy, usually through special lighting, music, and objects",Unknown-importance
696,Serving_His_Children,Q105563991,45018,Christian nonprofit,Low-importance
697,Set_point_theory,Q97216879,109,theory of obesity,Unknown-importance
698,Sex_workers'_rights,Q7458549,480,"Human, health, and labor rights of sex workers and their clients",Low-importance
699,Sexercise,Q7458563,1079,Exercise style,Low-importance
700,Shake_Weight,Q2276502,2905,exercise equipment,Low-importance
701,Shampoo,Q180204,47939,hair care product,Low-importance
702,Shavasana,Q2019129,30661,relaxing reclining posture in hatha yoga,Mid-importance
703,Shower_gel,Q1267611,381,liquid products used for cleaning the body,Low-importance
704,Sick_baby_hoax,Q7507594,193,confidence trick,Low-importance
705,Side_collision,Q1427114,126,"traffic collision where the sides of two vehicles such as cars, trains or ships collide",Low-importance
706,Siesta,Q203324,82933,short nap taken in the early afternoon,Unknown-importance
707,Sitz_bath,Q7532190,24211,Bath in which a person sits in water up to the hips,Low-importance
708,Skin_care,Q1294114,4021,grooming behavior,Mid-importance
709,Slave_health_on_plantations_in_the_United_States,Q7539187,111,,Low-importance
710,Slipping_rib_syndrome,Q3508629,19228,medical condition,Low-importance
711,Smith_machine,Q3543817,14248,strength training gym equipment,Unknown-importance
712,Smog,Q169994,43018,severe air pollution,Mid-importance
713,Smoking,Q662860,59143,"breathing in smoke after burning a substance and inhaling, done in order to be tasted and absorbed into the bloodstream",High-importance
714,Smoking_age,Q7546043,5531,minimum age to purchase or use tobacco products,Mid-importance
715,Smoking_and_Health,Q1247555,3279,1964 US government report on the health effects of smoking,Mid-importance
716,Smoking_ban_in_England,Q4354880,95,legislation making smoking at work illegal,Unknown-importance
717,Smoking_bans_in_the_United_Kingdom,Q4354880,191,legislation making smoking at work illegal,Unknown-importance
718,Smoking_cessation,Q2462253,23382,process of discontinuing tobacco smoking,Low-importance
719,Smoking_in_Japan,Q5365087,1306,Aspect of public health in Japan,Low-importance
720,Smoking_in_North_Korea,Q28130436,132,overview about smoking in North Korea,Low-importance
721,Snap_Fitness,Q7547254,193,US multinational fitness center franchise,Low-importance
722,Soap,Q34396,245401,"salt of fatty acids, used for washing and cleaning",High-importance
723,Social_determinants_of_health,Q3045352,14393,economic and social conditions that influence individual and group differences in health status,Mid-importance
724,Social_stigma_of_obesity,Q7074872,4146,weight prejudice,Unknown-importance
725,Socialist_Health_Association,Q15995477,459,British industry trade group for medical professionals in the Labour Party,Low-importance
726,Societal_impacts_of_cars,Q2215004,253,positive and negative impacts of cars on society,Low-importance
727,Soot,Q13174856,3563,carbonaceous residue from incomplete combustion,Unknown-importance
728,Sophrology,Q1263718,227,relaxation technique based on yoga,Low-importance
729,SoulCycle,Q17084730,4253,American fitness company and brand headquartered in New York City,Low-importance
730,Southwest_Detroit_Hospital,Q60766583,2015,"former hospital in Michigan, United States",Low-importance
731,Spa,Q1341387,20043,location where mineral-rich spring water is used to give medicinal baths,High-importance
732,Spa_town,Q4946461,6623,specialized resort town situated around a mineral spa,Low-importance
733,Space_adaptation_syndrome,Q1365937,5250,human disease,Low-importance
734,Sparx_(video_game),Q16267774,114,2013 video game,Unknown-importance
735,Spins,Q112078332,156,adverse reaction of intoxication,Low-importance
736,Sports_medicine,Q840545,3639,medical branch concerned with the effects of sport and exercise,Mid-importance
737,Sports_periodization,Q7579936,221,systematic planning of athletic or physical training,Mid-importance
738,Sports_science,Q1298380,106,interdisciplinary study of physical activity,High-importance
739,Squat_(exercise),Q1755746,69358,workout that targets the legs,High-importance
740,Squat_thrust,Q98067966,110,bodyweight exercise,Unknown-importance
741,Squat_toilet,Q1363734,66497,toilet used by squatting,Low-importance
742,Starvation_response,Q14901436,1859,any process that results in a change in state or activity of a cell or an organism,Low-importance
743,Stephania_Bell,Q7608203,13323,American writer,Unknown-importance
744,Straight_razor,Q597040,9276,knife used to remove body hair,Low-importance
745,Strength_training,Q12834857,92252,performance of physical exercises designed to improve strength,Mid-importance
746,Stress_management,Q1404268,5131,collective term for methods and coping strategies to reduce or eliminate mental or physical stress,High-importance
747,Stretching,Q1183039,15698,form of physical exercise where a muscle is stretched to improve it,High-importance
748,Strigil,Q282837,6093,curved blade used by ancient Greeks and Romans to scrape sweat and dirt from the skin after exercise or while bathing,Low-importance
749,Suicide_in_India,Q7635378,93,Statistics and causes of suicide in India.,Low-importance
750,Suicide_in_the_United_Kingdom,Q16154904,136,Statistics and causes of suicide in the U.K.,Low-importance
751,Suicide_of_Sophia,Q116814600,91,2022 death in Canada,Low-importance
752,Sun_protection_factor,Q827658,300,topical skin product that helps protect against sunburn,High-importance
753,Sun_tanning,Q321458,27722,the darkening of skin in response to ultraviolet light,Low-importance
754,Sunlight_(cleaning_product),Q7640482,93,brand of household soap,Low-importance
755,Sunscreen,Q827658,50198,topical skin product that helps protect against sunburn,High-importance
756,Sunsilk,Q596546,143,hair care brand produced by the Unilever group,Low-importance
757,Superfood,Q3772675,299,marketing term for food with supposed health benefits,Unknown-importance
758,Supersize,Q1566840,4679,size or an extent,Low-importance
759,Supervised_injection_site,Q1259963,4190,medical facility,Low-importance
760,Susan_Powter,Q7648301,98449,"Australian author, motivational speaker",Low-importance
761,Swaddling,Q130044,7277,practice of wrapping infants so as to restrict movement,Low-importance
762,Swarfega,Q7653861,39025,heavy-duty hand cleaning product,Low-importance
763,Swimming_pool_sanitation,Q1511642,166,process of maintaining a clean swimming pool,Low-importance
764,Swimming_stroke,Q1154385,11521,swimming style,Low-importance
765,Sylvia_Burwell,Q12014326,426,former United States Secretary of Health and Human Services,Low-importance
766,Sylvia_Mathews_Burwell,Q12014326,12512,former United States Secretary of Health and Human Services,Low-importance
767,T._Colin_Campbell,Q900850,2133,American biochemist,Low-importance
768,Table_of_food_nutrients,Q25324146,158,Wikimedia list article,Unknown-importance
769,Tadasana,Q196299,117,standing pose in modern yoga,Mid-importance
770,Tae_Bo,Q2165726,19970,total body fitness system,Low-importance
771,Tanning_bed,Q646347,1493,tanning using an artificial source of ultraviolet light,Unknown-importance
772,Tanning_beds,Q646347,105,tanning using an artificial source of ultraviolet light,Unknown-importance
773,Tanning_booths,Q646347,299,tanning using an artificial source of ultraviolet light,Unknown-importance
774,Tanning_salon,Q646347,240,tanning using an artificial source of ultraviolet light,Unknown-importance
775,Tedros_Adhanom,Q16196017,4109,"Ethiopian and politician, Director-General of the World Health Organization",High-importance
776,Tedros_Adhanom_Ghebreyesus,Q16196017,57771,"Ethiopian and politician, Director-General of the World Health Organization",High-importance
777,Telehealth,Q46994,69237,providing clinical health care from a distance through telecommunication and information technology,Low-importance
778,Terry_Huang,Q59617875,377,professor,Low-importance
779,The_Art_of_Massage,Q30078048,318,1895 work by John Harvey Kellogg,Low-importance
780,The_Association_of_Licentiates_of_Medical_Council_of_Hong_Kong,Q99131123,215,non-profit professional medical organization representing licentiate doctors in Hong Kong,Low-importance
781,The_Beachbody_Company,Q4875834,2494,Fitness and nutrition company,Low-importance
782,The_Body_Book,Q18389306,108,2013 health book,Low-importance
783,The_Cambridge_Diet,Q3132857,515,Meal replacement fad diet,Low-importance
784,The_China_Study,Q1820616,14420,book by T. Colin Campbell and Thomas M. Campbell II,Unknown-importance
785,The_New_Jewish_Home,Q30280291,180,"healthcare organization in New York, United States",Low-importance
786,The_Oath_of_Love,Q76823546,116,2022 Chinese romantic drama television series,Low-importance
787,The_Spirit_Catches_You_and_You_Fall_Down,Q7765894,19938,book by Anne Fadiman,Unknown-importance
788,The_Story_of_Menstruation,Q2414470,2186,1946 animated short film directed by Jack Kinney,Low-importance
789,The_World_Deadlift_Championships,Q98078261,166,annual strength competition,Low-importance
790,Therapy,Q179661,74810,"attempted medical remediation of a health problem, usually following a diagnosis",Low-importance
791,ThighMaster,Q7784123,777,exercise product,High-importance
792,Thighmaster,Q7784123,5500,exercise product,High-importance
793,Thimerosal_controversy,Q3689384,647,Controversy,Unknown-importance
794,Thiomersal_and_vaccines,Q3689384,5685,Controversy,Unknown-importance
795,This_Is_Your_Brain_on_Drugs,Q7785995,1311,US anti-drug campaign,Low-importance
796,Throat_lozenge,Q1788872,56248,medicated tablet,Low-importance
797,Time_for_Timer,Q7805309,494,television series,Low-importance
798,Tobacco,Q1566,357368,agricultural product processed from the leaves of plants in genus nicotiana,Low-importance
799,Tobacco_Master_Settlement_Agreement,Q17112596,15258,lawsuit settlement in the United States,Low-importance
800,Tobacco_consumption_by_country,Q7242345,221,percentage of population smoking tobacco,Mid-importance
801,Tobacco_packaging_warning_messages,Q2874247,651,labels on tobacco products warning of the negative impacts,Low-importance
802,Tobacco_smoking,Q7212330,68618,practice of burning tobacco and inhaling the resulting smoke,High-importance
803,Toilet_paper,Q5840,81163,tissue paper for cleaning after urination or defecation,Low-importance
804,Tom's_of_Maine,Q7814699,1096,Umbrella Brand,Low-importance
805,Tonsil_carcinoma,Q18553563,91,tonsil cancer that has material basis in squamous cells,Unknown-importance
806,Tony_Horton_(personal_trainer),Q7822596,57553,American personal trainer,Low-importance
807,Tony_Little,Q7822795,15325,American exercise instructor,Low-importance
808,Tooth_Tunes,Q7824253,2043,children's toothbrush featuring music,Low-importance
809,Toothbrush,Q134205,10558,"oral hygiene instrument used to clean the teeth, gums, and tongue",High-importance
810,Toothpaste,Q35855,46597,paste or gel dentifrice used to clean and maintain the health of teeth,High-importance
811,Towel,Q131696,777,absorbent fabric or paper used for drying or wiping a body or a surface,Mid-importance
812,Tracy_Anderson,Q7831678,16049,American fitness trainer and author,Low-importance
813,Transgender_health_care,Q28130218,30409,prevention of disease and promotion of wellbeing for transgender individuals,Mid-importance
814,Treadmill,Q839144,5565,exercise machine,Low-importance
815,Tree_pose,Q639721,270,standing balancing yoga asana,Mid-importance
816,Truth_(anti-tobacco_campaign),Q7711659,98,anti-tobacco campaign,Low-importance
817,Typhoid,Q83319,234861,bacterial infectious disorder contracted by consumption of food or drink contaminated with Salmonella typhi. This disorder is common in developing countries and can be treated with antibiotics.,Low-importance
818,Typhoid_fever,Q83319,372953,bacterial infectious disorder contracted by consumption of food or drink contaminated with Salmonella typhi. This disorder is common in developing countries and can be treated with antibiotics.,Low-importance
819,Ultra-processed_food,Q48931140,70753,type of processed food characterized by cheap ingredients and design for consumer appeal,Mid-importance
820,Underweight,Q1146902,375,classification of human body weight,Unknown-importance
821,Unisex_public_toilet,Q24922,2594,public restroom or toilet,Low-importance
822,UnitedHealth,Q2103926,302371,for-profit health care company,High-importance
823,UnitedHealthCare,Q2103926,100332,for-profit health care company,High-importance
824,UnitedHealth_Group,Q2103926,543840,for-profit health care company,High-importance
825,United_States_Army_Physical_Fitness_Test,Q626450,67056,U.S. Army fitness test,Unknown-importance
826,United_States_Department_of_Veterans_Affairs,Q592576,136048,department of the United States government,Low-importance
827,"United_States_Senate_Committee_on_Agriculture,_Nutrition,_and_Forestry",Q7891257,247,standing committee of the United States Senate,Low-importance
828,"United_States_Senate_Committee_on_Agriculture,_Nutrition_and_Forestry",Q7891257,229,standing committee of the United States Senate,Low-importance
829,"United_States_Senate_Committee_on_Health,_Education,_Labor_and_Pensions",Q2495438,5426,Standing committee of the United States Senate,Low-importance
830,Universal_health_care,Q3274205,73197,system that grants access to healthcare to all residents or citizens of a country or region,Mid-importance
831,University_of_Colorado_Physical_Therapy_Program,Q125421431,146,"doctor of Physical Therapy Program in Colorado, USA",Low-importance
832,Unlicensed_assistive_personnel,Q1078096,2050,paraprofessionals who assist with bedside care under the supervision of a registered nurse,Low-importance
833,Urban_green_space,Q22652,786,green area planned in an urban location,Low-importance
834,Usana_Health_Sciences,Q2502355,368,American multi-level marketing company,Mid-importance
835,VO2_max,Q60354,157866,"maximum rate of oxygen consumption as measured during incremental exercise, most typically on a motorized treadmill",High-importance
836,Vajrasana_(yoga),Q2043002,981,asana in yoga,Mid-importance
837,Valsalva_maneuver,Q1427231,172901,technique for equalising pressure in the middle ears,Mid-importance
838,Vegetarian,Q83364,152650,practice of abstaining from the consumption of meat,Mid-importance
839,Vegetarianism,Q83364,110761,practice of abstaining from the consumption of meat,Mid-importance
840,Vemma,Q14680767,551,American multi-level marketing company,Low-importance
841,Ventilated_cigarette,Q6546512,220,type of cigarette,Mid-importance
842,Veradigm,Q4733274,407,American company,Low-importance
843,Very-low-calorie_diet,Q4310180,4170,diet with very or extremely low daily food energy consumption,Mid-importance
844,Vestibular_rehabilitation,Q60742850,1893,form of physical therapy for vestibular disorders,Low-importance
845,Vibrating_belt_machine,Q47529319,674,excercise machine,Low-importance
846,Villejuif_leaflet,Q2661225,361,1970s misinformation about food additives,Unknown-importance
847,Vin_Gupta_(pulmonologist),Q110620404,13787,American scientist,Low-importance
848,WakeUpNow,Q19866297,541,American multi-level marketing company,Low-importance
849,Walking,Q6537379,7265,"one of the main gaits of locomotion among legged animals, typically slower than running and other gaits; characterized by a 'vaulting' movement of the body over the legs, frequently described as an inverted pendulum",High-importance
850,Washing,Q23841,345,method of cleaning using flowing liquid,High-importance
851,Water_supply,Q1061108,1621,"provision of water by public utilities, commercial organisations, community endeavors or by individuals",Low-importance
852,Watkins_Incorporated,Q7974706,1542,"manufacturer of health remedies, baking products, and other household items",Low-importance
853,Wayne_McLaren,Q1349807,272,"Stuntman, model, actor, rodeo performer (1940–1992)",Low-importance
854,WebMD,Q3536160,44769,American corporation which provides health information services,Mid-importance
855,Weight-loss,Q718113,5476,reduction of the total body mass,High-importance
856,Weight_Loss,Q718113,1846,reduction of the total body mass,High-importance
857,Weight_Watchers_(diet),Q84763014,201,commercial diet and program for weight loss and healthier diet,Unknown-importance
858,Weight_gain,Q3403879,283,increase in a person's total body mass,Unknown-importance
859,Weight_loss,Q718113,126961,reduction of the total body mass,High-importance
860,Weight_loss_camp,Q17075504,828,,Mid-importance
861,Weight_plate,Q2220762,6121,strength training equipment,Unknown-importance
862,Weightlifting,Q114397581,2723,sport or exercise involving lifting weights,High-importance
863,WellCare,Q7981065,1395,American health insurance company,Low-importance
864,Wendell_Potter,Q7982468,10218,"Former American health insurance executive, whistleblower, and single-payer healthcare advocate",Low-importance
865,Wet-bulb_conditions,Q107739565,1067,,Low-importance
866,Why_We_Sleep,Q42530022,11298,book by Matthew Walker,Unknown-importance
867,Will_Bulsiewicz,Q110404137,1868,American gastroenterologist,Low-importance
868,William_Addis_(entrepreneur),Q18716080,96,English entrepreneur; (1734-1808),Low-importance
869,William_R._Frist,Q20740866,169,"American businessperson, board member, a principal of Frist Capital LLC",Low-importance
870,Winter-over_syndrome,Q8026184,2836,psychological condition related to the Antarctic winter,Low-importance
871,Wireless_device_radiation_and_health,Q612254,1191,health Phenomenon,Low-importance
872,Workaholic,Q629149,7006,person who works compulsively,Mid-importance
873,Workplace_wellness,Q17090349,281,any workplace health promotion activity or organizational policy designed to support healthy behavior in the workplace and to improve health outcomes,Low-importance
874,World_Patient_Safety_Day,Q67604123,97,one of WHO's global public health days,Unknown-importance
875,Worldwide_Roar_(organization),Q104870664,267,non-profit mental health organization,Low-importance
876,Wrexham_and_East_Denbighshire_War_Memorial_Hospital,Q123807853,1157,"former hospital, now college building, in Wrexham, Wales",Low-importance
877,Yoga,Q9350,606990,"group of physical, mental and spiritual practices originating from ancient India",High-importance
878,Yoga_as_exercise,Q65091595,4324,physical activity consisting mainly of yoga poses,High-importance
879,Young_Living,Q18067581,2947,American multi-level marketing company,Low-importance
880,Zero_emission_zone,Q647266,127,defined area,High-importance
881,Zumba,Q229680,42089,dance fitness program,Mid-importance
882,Zyzz,Q2618609,181047,Russian-born Australian bodybuilder and Internet celebrity and peruvian,Mid-importance
